,Product,FB_PCB #,Designator,Quantity,Value,Voltage,Tol,Footprint,Manufacturer #1,Part Number #1,Description,PRICE,Total
,Wimu REV3,MISC_1033,BOM_1,1,,,,PRT-10718,Sparkfun,PRT-10718,Polymer Lithium Ion Battery - 400mAh,7.16,$7.160
,Wimu REV3,CAP_1020,"C1, C8, C9, C24, C25",5,15pF,50V,10%,0402,Murata,GRM1555C1H150JZ01D,Capacitor 15pF 50V 10% NPO 0402,0.003,$0.015
,Wimu REV3,CAP_1011,"C2, C3, C4, C5, C14, C15, C22, C23, C28, C29, C43, C44, C46, C47, C48",15,1uF,6V3,10%,0402,Murata,GRM155R60J105KE19D,Capacitor 1uF 6V3 10% X5R 0402,0.006,$0.090
,Wimu REV3,CAP_1010,"C6, C11",2,1nF,50V,10%,0402,Yageo,CC0402KRX7R9BB102,Capacitor 1nF 50V 10% X7R 0402,0.002,$0.004
,Wimu REV3,CAP_1016,C7,1,100pF,50V,5%,0402,Murata,GRM1555C1H101JZ01D,Capacitor 100pF 50V 5% NPO 0402,0.003,$0.003
,Wimu REV3,CAP_1012,"C10, C13",2,6.8pF,50V,5%,0402,,,Capacitor 6.8pF 50V 5% NPO 0402,0.003,$0.006
,Wimu REV3,CAP_1002,"C12, C17, C18, C19, C20, C21, C30, C33, C34, C35, C40, C41, C42, C45",14,100nF,10V,10%,0402,Murata,GRM155R61A104KA01D,Capacitor 100nF 10V 10% X5R 0402,0.003,$0.042
,Wimu REV3,CAP_1050,C16,1,180pF,50V,5%,0402,Murata,GRM1555C1H181JA01D,Capacitor 180pF 50V 5% NP0 0402,0.007,$0.007
,Wimu REV3,CAP_1013,"C26, C27",2,12pF,50V,5%,0402,Murata,GRM1555C1H120JZ01D,Capacitor 12pF 50V 5% NPO 0402,0.003,$0.006
,Wimu REV3,CAP_1003,C31,1,10nF,16V,20%,0402,Yageo,CC0402KRX7R7BB103,Capacitor 10nF 16V 20% X5R 0402,0.002,$0.002
,Wimu REV3,CAP_1023,C32,1,2.2nF,50V,10%,0402,Yageo,CC0402KRX7R9BB222,Capacitor 2.2nF 50V 10% X7R 0402,0.01,$0.010
,Wimu REV3,CAP_1026,"C36, C38, C39",3,4.7uF,10V,10%,0603,Kemet,C0603C475K8PACTU,Capacitor 4.7uF 10V 10% X5R 0603,0.048,$0.144
,Wimu REV3,CAP_1048,C37,1,220nF,50V,10%,0402,Yageo,CC0402KRX7R9BB221,Capacitor 220nF 50V 10% X7R 0402,0.006,$0.006
,Wimu REV3,DIO_1005,D1,1,,80V,,SOD523_DIODE,Diodes Inc.,1N4448HWT,Diode 80V 125mA SOD523,0.056,$0.056
,Wimu REV3,ANT_1013,J1,1,,,,A6150,Antenova,A6150,Impexa 2.4 Ghz SMD Antenna,1.19,$1.190
,Wimu REV3,CONN_1013,J2,1,,,,DM3BT,Hirose,DM3BT-DSF-PEJS,"Micro SD card connector, Reverse",2.76,$2.760
,Wimu REV3,CONN_1045,J3,1,,,,Ipod-Female,Sparkfun,DEV-08035,Ipod Female connector. 0.5mm 90� 30 Pin SMT,3.95,$3.950
,Wimu REV3,ANT_1012,J4,1,,,,AP.10G.01,Taoglas,AP.10G.01,"10mm SMT 14dB Active GPS Patch Antenna, With Front End Saw Filter",22.58,$22.580
,Wimu REV3,CONN_1048,J5,1,,,,BM10B(0.8)-16DP-0.4V(51),Hirose,BM10B(0.8)-16DP-0.4V(51),Conn 16 Pos 0.4mm pitch SMD,0.8,$0.800
,Wimu REV3,CONN_1047,J7,1,,,,M52207-0885,Molex,52207-0885,CONN FFC/FPC 1MM 8POS R/A SMD,1.0014,$1.001
,Wimu REV3,IND_1012,L1,1,27nH,,5%,0402,Murata,LQG15HS27NJ02,Inductor 27nH 5% 300mA 0402,0.07,$0.070
,Wimu REV3,FER_1001,L2,1,,,,0402,Murata,BLM15HD102SN1D,Ferrite 1000 Ohms 250mA 0402,.06,$0.060
,Wimu REV3,TRANS_1001,Q1,1,,40V,,SOT-23-3-PNP-NPN,Rohm,MMST3904,NPN General Purpose Transistor,0.067,$0.067
,Wimu REV3,TRANS_1005,Q2,1,,20V,,SC-70 3 - MOSFET,Diodes Inc,DMG1013UW,P-CHANNEL ENHANCEMENT MODE MOSFET,0.059,$0.059
,Wimu REV3,RES_1002,"R1, R2, R3, R4, R12, R13, R14, R15, R16, R18, R21, R25, R26, R27",14,10K0,,1%,0402,Yageo,RC0402FR-0710KL,Resistor 10K0 Ohms 0W16 1% 0402,0.002,$0.028
,Wimu REV3,RES_1003,"R5, R6, R19, R22, R23, R24",6,100K,,1%,0402,Yageo,RC0402FR-07100KL,Resistor 100K Ohms 0W16 1% 0402,0.002,$0.012
,Wimu REV3,RES_1019,"R7, R8, R9",3,220R,,1%,0402,Yageo,RC0402FR-07220RL,Resistor 220R Ohms 0W16 1% 0402,0.002,$0.006
,Wimu REV3,RES_1082,R10,1,56K,,1%,0402,Yageo,RC0402FR-0756KL,Resistor 56K Ohms 1w16 1% 0402,0.00308,$0.003
,Wimu REV3,RES_1005,R11,1,1K1,,1%,0402,Yageo,RC0402FR-071K1L,Resistor 1K1 Ohms 0W16 1% 0402,0.002,$0.002
,Wimu REV3,RES_1085,R17,1,8K87,,1%,0402,Yageo,RC0402FR-078K87L,Resistor 8K87 Ohms 1w16 1% 0402,0.003,$0.003
,Wimu REV3,RES_1071,R20,1,200K,,1%,0402,Yageo,RC0402FR-07200KL,Resistor 200K Ohms 0w16 1% 0402,0.002,$0.002
,Wimu REV3,IC_1112,U1,1,,1.8V to 3.6V,,LQFP-64,ST,STM32L151RDT6,High-density performance line ARM-based 32-bit MCU,5.799,$5.799
,Wimu REV3,IC_1155,U2,1,,2.5V to 5V,,LGA-36-10x10,Micro Modular Technologies,MN8010,GPS Receiver Module,35,$35.000
,Wimu REV3,IC_1159,U3,1,,2V to 3.6V,,QFN-40-6x6,TI,CC2540F128RHAR,SOC 2.4Ghz Bluetooth tranceiver,4.41,$4.410
,Wimu REV3,IC_1138,"U4, U9, U12, U16, U17",5,,2.5V to 5.5V,,SC-70 5-Pin,Micrel,MIC5365-3.3YC5 TR,LDO 150mA SC70-5,0.3518,$1.759
,Wimu REV3,IC_1156,U5,1,,2.16V to 3.6V,,LCC-16-3x3,Honewell,HMC5883L-TR,Digital compass 3 Axis I2C LCC-16,5.09,$5.090
,Wimu REV3,IC_1171,U6,1,,0.9V to 4.5V,,UQFN-12,On Semi,NLSV4T244MUTAG,4-Bit Dual-Supply Level translator,1.476,$1.476
,Wimu REV3,IC_1167,U7,1,,,,0806-6Pin,Murata,LFB182G45BG2D280,Signal conditioning 2.4 GHz band pass filters,0.56,$0.560
,Wimu REV3,IC_1168,U8,1,,2.5V to 5.5V,,SC-70 5-Pin,Micrel,MIC5365-1.8YC5,LDO 150mA SC70-5 1.8V,0.3518,$0.352
,Wimu REV3,IC_1170,"U10, U15",2,,2V to 5.5V,,UDFN6,ST,STM6519AUARUB,IC Smart Reset controller,0.51,$1.020
,Wimu REV3,MISC_1034,U11,1,,,,SMT-0540-S-R,PUI Audio,SMT-0540-S-R,Transducer 2 to 4V 100mA,2.48,$2.480
,Wimu REV3,IC_1166,U13,1,,2.375V to 3.46V,,QFN-24-4x4,InvenSense,MPU-6050,"Gyro/Accel, 9-Axis fusion I2C",15,$15.000
,Wimu REV3,IC_1059,U14,1,,,,SOT-23-5,Microchip,MCP73832T-2ACI/OT,"Miniature Single-Cell, Fully Integrated Li-Ion, Li-Polymer Charge Management Controllers",0.68,$0.680
,Wimu REV3,XTAL_1002,Y1,1,8Mhz,,10ppm,ABM3B,Abracon,ABM3B-8.000MHZ-10-1-U-T,Crystal 8Mhz 10ppm -10C to 60C,2.04,$2.040
,Wimu REV3,XTAL_1001,"Y2, Y3",2,32.768kHz,,10ppm,ABS06,Abracon,ABS06-32.768KHZ-9-1-T,Crystal 32.768kHz 10ppm -20C to 70C,1.01,$2.020
,Wimu REV3,XTAL_1007,Y4,1,32Mhz,,20ppm,ABM11,Abracon,ABM11-32.000MHZ-D2X-T3,Oscillator 32Mhz 20ppm -40C to 85C,0.796,$0.796